AB10,394406,802269
AB11,394406,802269
AB12,394318,806364
AB13,382623,806444
AB14,383263,801346
AB15,390573,803669
AB16,391160,806962
AB21,388565,812130
AB22,392157,810007
AB23,394281,810475
AB24,392964,807649
AB25,392964,807649
AB30,371724,771427
AB31,370627,796358
AB32,382623,806444
AB33,357783,815864
AB34,352819,798430
AB35,315268,791421
AB36,335348,810616
AB37,318257,835885
AB38,326540,842928
AB39,387452,786026
AB41,395909,830460
AB42,412897,846190
AB43,398970,865585
AB44,370251,864327
AB45,379836,864626
AB51,372030,835766
AB52,363206,827489
AB53,372448,849779
AB54,352968,839984
AB55,336850,848653
AB56,348771,862802
AB99,394406,802269
AL1,517328,206823
AL10,522507,208780
AL2,517328,206823
AL3,517328,206823
AL4,517328,206823
AL5,513594,214185
AL6,523484,216558
AL7,523834,213251
AL8,524487,213299
AL9,522507,208780
B1,406233,287151
B10,410152,286683
B11,408951,284536
B12,408951,284536
B13,407502,281065
B14,407502,281065
B15,403575,285921
B16,404836,286159
B17,400421,284751
B18,406010,288305
B19,406702,288201
B2,407154,287044
B20,405922,290674
B21,404619,289451
B23,410906,291898
B24,410906,291898
B25,411386,284123
B26,414442,284005
B27,411732,282991
B28,410729,281245
B29,404461,282257
B3,407279,288677
B30,404848,279910
B31,402059,279708
B32,400421,284751
B33,414570,287556
B34,414570,287556
B35,414103,290228
B36,414103,290228
B37,417694,286963
B38,403899,277004
B4,408289,287278
B40,419395,285114
B42,407731,293586
B43,407731,293586
B44,407731,293586
B45,398025,278174
B46,420070,288956
B47,407502,281065
B48,399899,276434
B49,408976,257316
B5,407279,288677
B50,408976,257316
B6,407279,288677
B60,396646,271367
B61,394921,272462
B62,398401,284842
B63,396984,285664
B64,394337,285387
B65,396984,285664
B66,403321,287503
B67,402010,288587
B68,400178,288628
B69,398935,289686
B7,409137,288877
B70,400351,290795
B71,401017,292216
B72,411619,296818
B73,411619,296818
B74,410856,300912
B75,411619,296818
B76,415455,292614
B77,420542,304105
B78,420311,302305
B79,421405,303425
B8,410126,287451
B80,404349,268196
B9,410152,286683
B90,411937,278914
B91,415190,279283
B92,415385,279544
B93,418027,276800
B94,412456,273524
B95,415029,266230
B96,397107,259751
B97,404311,267449
B98,404349,268196
B99,407200,288600
BA1,373240,171564
BA10,367153,136545
BA11,376785,148398
BA12,387648,145038
BA13,385726,152368
BA14,384582,157742
BA15,382603,159729
BA16,350022,139209
BA2,366540,162254
BA20,353187,115325
BA21,355196,115983
BA22,357576,113732
BA3,368942,154799
BA4,361844,143234
BA5,354432,145448
BA6,350022,139209
BA7,364077,132403
BA8,371367,128748
BA9,371367,128748
BB1,368460,430053
BB10,384228,432762
BB11,383979,432392
BB12,384228,432762
BB18,388108,447110
BB2,368194,428282
BB3,369182,422165
BB4,384156,422192
BB5,375780,428251
BB6,369747,436771
BB7,374203,442105
BB8,387221,440814
BB9,386298,438202
BB94,391031,446575
BD1,416177,434017
BD10,416177,434017
BD11,418995,425223
BD12,415331,427087
BD13,412529,433129
BD14,412529,433129
BD15,412529,433129
BD16,410665,439240
BD17,414607,437860
BD18,414876,437482
BD19,418995,425223
BD2,416177,434017
BD20,405731,440995
BD21,405731,440995
BD22,405731,440995
BD23,398429,451656
BD24,381920,463703
BD3,417327,432985
BD4,416160,431756
BD5,415347,431325
BD6,412128,430289
BD7,413724,431200
BD8,414072,433478
BD9,416177,434017
BD97,410793,439376
BD98,414607,437860
BD99,414330,433029
BH1,408425,91431
BH10,406822,96834
BH11,405430,95402
BH12,406189,93423
BH13,406986,91371
BH14,403680,91738
BH15,402730,91457
BH16,401109,90659
BH17,401652,94211
BH18,401936,94118
BH19,402984,78853
BH2,408859,92365
BH20,392041,87196
BH21,401292,102029
BH22,407626,101043
BH23,416345,92759
BH24,415106,106753
BH25,424445,94773
BH3,409725,92040
BH31,410557,107663
BH4,406986,91371
BH5,409725,92040
BH6,409725,92040
BH7,409725,92040
BH8,409725,92040
BH9,405430,95402
BL0,379141,416689
BL1,371935,410296
BL11,371944,408464
BL2,374707,409308
BL3,371539,408071
BL4,374067,404733
BL5,365519,405840
BL6,364423,410315
BL7,370735,414495
BL78,371648,409297
BL8,379565,410717
BL9,380313,408509
BN1,534860,109161
BN10,541345,101349
BN11,514767,102927
BN12,511190,102828
BN13,509435,108575
BN14,514862,102884
BN15,518464,105352
BN16,503071,101978
BN17,505092,103376
BN18,501956,107069
BN2,531040,104624
BN20,560784,99116
BN21,560742,98834
BN22,560626,102157
BN23,563720,104016
BN24,563720,104016
BN25,548233,99001
BN26,558208,105054
BN27,559121,109705
BN3,526984,107414
BN41,526325,105146
BN42,524109,106497
BN43,522053,105143
BN44,517609,111194
BN45,529177,112638
BN5,522088,114407
BN50,531106,103984
BN51,536888,102381
BN52,529099,105474
BN6,530670,115506
BN7,541661,110131
BN8,541935,110814
BN88,531040,104624
BN9,543438,101116
BN91,0,0
BN99,517673,104182
BR1,540421,169620
BR2,540421,169620
BR3,536436,169593
BR4,538250,165993
BR5,546193,166288
BR6,546193,166288
BR7,540421,169620
BR8,551423,168562
BS0,360204,173429
BS1,358267,172797
BS10,357114,177418
BS11,351969,178817
BS13,358127,168284
BS14,360539,168162
BS15,365497,172826
BS16,363531,175632
BS2,360156,174901
BS20,346684,176242
BS21,340495,171582
BS22,333440,160967
BS23,332015,161171
BS24,333971,158687
BS25,341975,158358
BS26,343143,154531
BS27,345811,153175
BS28,343677,147901
BS29,341975,158358
BS3,358286,171251
BS30,364961,173716
BS31,365400,168626
BS32,361532,181609
BS34,360519,181775
BS35,363550,190369
BS36,365295,181402
BS37,368530,183466
BS39,365237,156631
BS4,359550,172043
BS40,351605,165482
BS41,353923,170215
BS48,347369,170657
BS49,343018,165615
BS5,360955,173124
BS6,359111,174517
BS7,360845,177298
BS8,357424,173013
BS80,360378,180484
BS9,357114,177418
BS98,359178,173584
BS99,360204,173429
CA1,340159,556279
CA10,351654,529966
CA11,351654,529966
CA12,327337,523657
CA13,312110,530736
CA14,299997,529103
CA15,303239,535509
CA16,368356,520305
CA17,378223,509035
CA18,308512,496612
CA19,307106,497820
CA2,339557,555539
CA20,304140,501277
CA21,301903,506944
CA22,301208,510217
CA23,301208,510217
CA24,299398,514846
CA25,301208,510217
CA26,297213,517761
CA27,296299,511951
CA28,294152,514386
CA3,339557,555539
CA4,350554,546071
CA5,336488,549880
CA6,356213,575768
CA7,325178,548240
CA8,353307,561060
CA9,372004,546116
CA95,299012,528856
CA99,339557,555539
CB1,549461,256595
CB10,553578,237976
CB11,553578,237976
CB2,544550,255063
CB21,553329,249371
CB22,546881,258966
CB23,538491,260199
CB24,544712,263270
CB25,554332,260753
CB3,546881,258966
CB4,546881,258966
CB5,546881,258966
CB6,554628,280225
CB7,554628,280225
CB8,564251,263230
CB9,567218,245541
CF10,317180,174762
CF11,317180,174762
CF14,317238,181036
CF15,312603,182534
CF23,322540,178712
CF24,320937,176435
CF3,324222,185360
CF30,322417,180674
CF31,290410,179726
CF32,291373,184199
CF33,291112,179584
CF34,285319,191358
CF35,291112,179584
CF36,281626,176940
CF37,306661,189435
CF38,306661,189435
CF39,301431,190200
CF40,298124,192712
CF41,296997,196049
CF42,296043,196744
CF43,296043,196744
CF44,292324,206097
CF45,307114,196370
CF46,309884,196964
CF47,305638,207817
CF48,305105,205742
CF5,315131,176777
CF61,296025,170181
CF62,311989,170309
CF63,311636,167924
CF64,318547,171819
CF71,295850,172285
CF72,298413,182931
CF81,315084,192918
CF82,315084,192918
CF83,314787,187282
CF91,317180,174762
CF95,318777,176455
CF99,319399,174573
CH1,340450,366446
CH2,341010,367104
CH25,332811,389382
CH26,329168,385955
CH27,332087,391476
CH28,326165,389866
CH29,321663,388815
CH3,341010,367104
CH30,327026,387474
CH31,326913,381988
CH32,333705,385472
CH33,329262,377592
CH34,339241,376987
CH4,341010,367104
CH41,332793,387469
CH42,331054,387458
CH43,328027,388698
CH44,331636,390883
CH45,330638,393680
CH46,327005,389970
CH47,323589,389242
CH48,323292,386986
CH49,327080,387722
CH5,332162,368438
CH6,323910,372767
CH60,326913,381988
CH61,326913,381988
CH62,335396,379581
CH63,332992,382959
CH64,329257,377504
CH65,339680,375629
CH66,335301,375851
CH7,324121,364978
CH70,338446,366693
CH8,323910,372767
CH88,341010,367104
CH99,339733,363316
CM0,595199,195627
CM1,570348,207110
CM11,567388,194327
CM12,567264,193939
CM13,559569,193789
CM14,559569,193789
CM15,559569,193789
CM16,546210,202397
CM17,544574,210193
CM18,545203,207926
CM19,544574,210193
CM2,570175,205324
CM20,544600,209738
CM21,548961,214853
CM22,549976,217745
CM23,548873,221441
CM24,551115,224966
CM3,581128,197080
CM4,564860,199409
CM5,555239,202949
CM6,576762,222857
CM7,576762,222857
CM77,576906,220080
CM8,582261,214625
CM9,585200,206747
CM92,542326,209863
CM98,573782,208881
CM99,571061,207179
CO1,599577,225220
CO10,589025,242095
CO11,610596,231846
CO12,625544,231657
CO13,623720,219845
CO14,624236,221404
CO15,617553,215096
CO16,617880,215957
CO2,597130,223096
CO3,600766,225237
CO4,601264,227884
CO5,586356,219062
CO6,599261,238334
CO7,603889,221780
CO8,590735,234009
CO9,581298,230635
CR0,531611,166938
CR2,532904,165801
CR3,534428,155136
CR4,527042,168933
CR44,530031,166465
CR5,529653,159496
CR6,534428,155136
CR7,532904,165801
CR8,532184,162551
CR9,532904,165801
CR90,532904,165801
CT1,615796,158357
CT10,639085,167942
CT11,637766,165368
CT12,637308,165599
CT13,633106,158068
CT14,636299,152395
CT15,631298,142186
CT16,631298,142186
CT17,631298,142186
CT18,618702,137556
CT19,622619,137760
CT2,615886,158470
CT20,622119,135914
CT21,616417,134861
CT3,621247,162328
CT4,615886,158470
CT5,611096,166539
CT50,620692,135426
CT6,617364,167186
CT7,635669,170760
CT8,635669,170760
CT9,635669,170760
CV1,433593,278901
CV10,436421,291786
CV11,436231,291628
CV12,436389,287129
CV13,436421,291786
CV2,434557,281886
CV21,450218,275516
CV22,451120,276017
CV23,440882,272606
CV3,434557,281886
CV31,431238,265807
CV32,432754,267299
CV33,437413,259968
CV34,427278,266046
CV35,427278,266046
CV36,428760,232819
CV37,418636,254488
CV4,427325,279452
CV47,441314,260879
CV5,434557,281886
CV6,434557,281886
CV7,434557,281886
CV8,428793,271608
CV9,430903,297700
CW1,370671,355787
CW10,365308,366542
CW11,375903,360805
CW12,384788,363358
CW2,371187,354767
CW3,371187,354767
CW4,384788,363358
CW5,365153,352458
CW6,353551,359427
CW7,365308,366542
CW8,366164,373928
CW9,366164,373928
CW98,371187,354767
DA1,554217,174218
DA10,553664,174039
DA11,565041,174030
DA12,564712,173888
DA13,565041,174030
DA14,546143,172855
DA15,546143,172855
DA16,548390,175964
DA17,553664,174039
DA18,552581,177563
DA2,553664,174039
DA3,560225,168922
DA4,556950,169229
DA5,549608,173648
DA6,548524,174844
DA7,549532,175102
DA8,552581,177563
DA9,560644,174609
DD1,339008,730386
DD10,371789,759796
DD11,364423,740890
DD2,337771,732822
DD3,337186,734092
DD4,340499,732246
DD5,345451,732840
DD6,346675,727882
DD7,356262,734581
DD8,336406,752640
DD9,359777,760409
DE1,435446,336356
DE11,429930,319759
DE12,421821,317999
DE13,425087,324294
DE14,423987,323441
DE15,424400,319100
DE21,435996,335424
DE22,431321,343300
DE23,435996,335424
DE24,436940,332693
DE3,435996,335424
DE4,429915,360374
DE45,421830,368562
DE5,439780,350493
DE55,442145,354417
DE56,434619,346794
DE6,419423,345485
DE65,421404,329770
DE7,445905,342226
DE72,435996,335424
DE73,438597,325246
DE74,444708,327438
DE75,445905,342226
DE99,436732,335523
DG1,297492,576216
DG10,308489,605353
DG11,313642,581486
DG12,319290,566203
DG13,323705,602262
DG14,333057,575115
DG16,331813,567171
DG2,293924,579361
DG3,287822,595611
DG4,273139,612236
DG5,285616,553354
DG6,268414,551102
DG7,276487,562417
DG8,241418,558771
DG9,206238,560738
DH1,429990,544301
DH2,427450,551097
DH3,427480,551864
DH4,434050,549956
DH5,434050,549956
DH6,430936,538099
DH7,421314,545113
DH8,395966,547753
DH9,418914,554804
DH97,427238,542787
DH98,429990,544301
DH99,429990,544301
DL1,429041,514346
DL10,417296,500928
DL11,416600,501697
DL12,405139,517674
DL13,412350,524079
DL14,418816,526602
DL15,420685,529185
DL16,427210,534170
DL17,431263,534256
DL2,417287,520482
DL3,429177,514182
DL4,423631,525878
DL5,427863,524015
DL6,436884,493668
DL7,436884,493668
DL8,429177,514182
DL9,420834,498759
DL98,428594,514781
DN1,457592,402943
DN10,465299,393194
DN11,459266,393451
DN12,450126,399694
DN14,463229,417064
DN15,489179,410774
DN16,489179,410774
DN17,477328,412757
DN18,498907,421150
DN19,503998,422484
DN2,460327,404303
DN20,499196,407147
DN21,481387,389885
DN22,469677,382659
DN3,463567,401568
DN31,527161,409342
DN32,527744,409661
DN33,525876,406416
DN34,525026,408584
DN35,529569,406930
DN36,528468,402072
DN37,527410,410115
DN38,505555,410170
DN39,510320,411408
DN4,458074,402160
DN40,519357,415349
DN41,520599,411940
DN5,456687,404473
DN55,458074,402160
DN6,456176,413652
DN7,466296,409507
DN8,468503,412417
DN9,467071,399402
DT1,369117,90737
DT10,378926,114489
DT11,388591,106430
DT2,368744,90712
DT3,367827,78925
DT4,367827,78925
DT5,368595,72397
DT6,346504,93011
DT7,334027,92156
DT8,346504,93011
DT9,363851,116712
DY1,394374,290475
DY10,382821,277195
DY11,381735,273589
DY12,382821,277195
DY13,380975,271326
DY14,382821,277195
DY2,394044,290420
DY3,394044,290420
DY4,395245,292394
DY5,392073,287448
DY6,388519,289021
DY7,384595,283305
DY8,390214,284303
DY9,390214,284303
E1,534081,181214
E10,538075,187654
E11,539335,186929
E12,541967,185651
E13,540437,183089
E14,536916,181206
E15,538463,183351
E16,538467,181905
E17,537412,189266
E18,540481,190073
E1W,534833,181799
E2,534630,183318
E20,537099,185004
E3,536823,183099
E4,539079,194625
E5,534748,186358
E6,542650,183541
E7,540412,185266
E77,534081,181214
E8,534870,184694
E9,534630,183318
E98,534427,180564
EC1A,531960,181760
EC1M,531070,182310
EC1N,531340,181945
EC1P,531070,182310
EC1R,531361,182083
EC1V,531070,182310
EC1Y,532637,182038
EC2A,533215,182335
EC2M,532836,181694
EC2N,531070,182310
EC2P,531070,182310
EC2R,531070,182310
EC2V,532511,181199
EC2Y,531070,182310
EC3A,531070,182310
EC3M,533017,180851
EC3N,533914,180739
EC3P,531070,182310
EC3R,531070,182310
EC3V,531070,182310
EC4A,531070,182310
EC4M,532204,181013
EC4N,531070,182310
EC4P,531070,182310
EC4R,531070,182310
EC4V,531070,182310
EC4Y,531088,180958
EC50,531070,182310
EH1,323107,672938
EH10,324570,671310
EH11,318540,670786
EH12,318465,671628
EH13,323382,669520
EH14,322793,671799
EH15,330650,673737
EH16,327889,671142
EH17,328753,668341
EH18,331002,665058
EH19,331002,665058
EH2,323107,672938
EH20,331002,665058
EH21,334648,672793
EH22,333172,667083
EH23,334693,661892
EH24,328484,662216
EH25,323488,660108
EH26,323488,660108
EH27,311443,665140
EH28,298262,666930
EH29,318733,671420
EH3,323107,672938
EH30,318733,671420
EH31,355088,685291
EH32,338815,674324
EH33,340542,672754
EH34,340542,672754
EH35,341375,669121
EH36,346231,662448
EH37,333001,667172
EH38,333001,667172
EH39,355088,685291
EH4,323582,674730
EH40,359187,677067
EH41,351327,673817
EH42,368297,678519
EH43,337416,637331
EH44,330680,638360
EH45,325352,640461
EH46,313868,652608
EH47,293735,661120
EH48,298262,666930
EH49,298485,677774
EH5,323582,674730
EH51,299934,681770
EH52,298262,666930
EH53,304440,667531
EH54,304440,667531
EH55,304440,667531
EH6,329888,674317
EH7,326196,673837
EH8,329888,674317
EH9,325454,671912
EH91,323107,672938
EH95,321876,676891
EH99,323107,672938
EN1,533125,196544
EN10,537417,208666
EN11,537417,208666
EN2,533125,196544
EN3,533125,196544
EN4,526643,195410
EN5,526643,195410
EN6,525180,201529
EN7,536182,200318
EN77,0,0
EN8,536182,200318
EN9,536182,200318
EX1,292656,92951
EX10,312590,87818
EX11,309805,95396
EX12,324412,90129
EX13,329778,98507
EX14,316425,100650
EX15,302044,107201
EX16,295614,112677
EX17,284012,100248
EX18,268695,114276
EX19,263159,108065
EX2,292656,92951
EX20,292656,92951
EX21,244411,99942
EX22,234131,103833
EX23,220829,106605
EX24,324412,90129
EX3,296759,92835
EX31,256122,133191
EX32,256122,133191
EX33,256122,133191
EX34,252244,147855
EX35,271804,149428
EX36,271380,125858
EX37,256122,133191
EX38,249585,119165
EX39,245625,127479
EX4,292656,92951
EX5,300298,95166
EX6,295968,76647
EX7,295968,76647
EX8,300216,80916
EX9,306192,81965
FK1,288323,680216
FK10,288517,693294
FK11,285398,697035
FK12,288488,692546
FK13,292418,697533
FK14,294461,697021
FK15,278090,700395
FK16,272148,701791
FK17,262666,708013
FK18,255812,716525
FK19,258839,723788
FK2,289976,680830
FK20,226825,730812
FK21,257111,732540
FK3,293979,680570
FK4,281121,682748
FK5,288795,680221
FK6,281121,682748
FK7,280782,693083
FK8,252097,701025
FK9,280782,693083
FY0,333634,429165
FY1,330666,436342
FY2,331381,438556
FY3,334589,434495
FY4,330719,434131
FY5,331528,442713
FY6,336048,439080
FY7,333372,447607
FY8,331932,428660
G1,259811,666213
G11,255097,667162
G12,255097,667162
G13,253086,668418
G14,252428,668161
G15,251761,671150
G2,259361,665376
G20,257020,668618
G21,260946,667838
G22,259580,668172
G23,257059,669920
G3,259811,666213
G31,260892,664387
G32,264806,663697
G33,263405,665795
G34,267736,665982
G4,258464,666560
G40,260892,664387
G41,258332,663160
G42,258636,661560
G43,255973,659781
G44,257827,660016
G45,259737,658441
G46,255793,658444
G5,259153,663995
G51,256068,664962
G52,251508,665167
G53,253052,661487
G58,0,0
G60,249969,670437
G61,255079,672047
G62,255220,674366
G63,252227,683580
G64,260948,670133
G65,271604,678260
G66,265499,673125
G67,276234,674986
G68,276234,674986
G69,267994,669982
G70,276234,674986
G71,269568,660446
G72,263521,654141
G73,263521,654141
G74,263521,654141
G75,263521,654141
G76,260275,655367
G77,253774,655783
G78,249778,659026
G79,260640,655312
G81,248112,673082
G82,241114,675758
G83,240498,678368
G84,229491,682415
G9,259811,666213
G90,259702,666223
GL1,382736,218432
GL10,384803,206041
GL11,374880,201217
GL12,374880,201217
GL13,374880,201217
GL14,365770,213944
GL15,362962,201793
GL16,357438,210558
GL17,362510,217720
GL18,372359,225888
GL19,388534,215630
GL2,388534,215630
GL20,388788,232052
GL3,388534,215630
GL4,391900,212132
GL5,384803,206041
GL50,394452,223016
GL51,392053,224677
GL52,394452,223016
GL53,394452,223016
GL54,394452,223016
GL55,415103,239439
GL56,420583,232594
GL6,384803,206041
GL7,402857,200326
GL8,389109,193112
GL9,389109,193112
GU1,499050,150523
GU10,483795,146834
GU11,486560,150681
GU12,486560,150681
GU14,487203,154118
GU15,487644,160792
GU16,486025,159806
GU17,486025,159806
GU18,492973,162327
GU19,500740,158617
GU2,498810,150985
GU20,493744,163716
GU21,497146,158683
GU22,501316,157191
GU23,500740,158617
GU24,497146,158683
GU25,500073,167905
GU26,488980,132610
GU27,488980,132610
GU28,497743,121731
GU29,488585,121372
GU3,499050,150523
GU30,483908,131317
GU31,474606,123261
GU32,476755,123459
GU33,477730,127640
GU34,471656,139156
GU35,479849,136108
GU4,499050,150523
GU46,482279,161104
GU47,483509,161239
GU5,504850,147826
GU51,480587,153995
GU52,482605,152678
GU6,505844,139077
GU7,497259,144012
GU8,497539,143898
GU9,483795,146834
GU95,486282,159303
HA0,517464,184946
HA1,515493,189105
HA2,515821,188697
HA3,515821,188697
HA4,510122,187381
HA5,511953,189702
HA6,509824,190617
HA7,518142,190895
HA8,519342,191905
HA9,519728,186706
HD1,414541,416892
HD2,414541,416892
HD3,410443,416857
HD4,414541,416892
HD5,417274,416755
HD6,414945,422459
HD7,408537,414379
HD8,424664,410085
HD9,414136,408205
HG1,431404,456372
HG2,431404,456372
HG3,415817,465625
HG4,431300,471393
HG5,433662,459914
HP1,505458,207367
HP10,490522,190421
HP11,486694,192809
HP12,485213,192196
HP13,486759,192847
HP14,485213,192196
HP15,489193,195458
HP16,489387,201355
HP17,479585,206648
HP18,466678,206992
HP19,481642,215056
HP2,505728,206630
HP20,480974,214428
HP21,483380,211592
HP22,484817,209530
HP23,491925,211238
HP27,480745,203248
HP3,505728,206630
HP4,498847,208024
HP5,496235,202858
HP6,496669,198329
HP7,497114,197747
HP8,496396,198336
HP9,493871,191096
HR1,352504,239642
HR2,351420,240489
HR3,322978,242402
HR4,351420,240489
HR5,329794,256663
HR6,350100,257938
HR7,351420,240489
HR8,370993,237860
HR9,360777,223871
HS1,142807,932745
HS2,127689,920494
HS3,115793,899955
HS4,122511,895262
HS5,101289,886412
HS6,85159,856547
HS7,77734,855368
HS8,79193,815098
HS9,65959,798232
HU1,510303,428281
HU10,503746,426058
HU11,505290,439461
HU12,525157,431132
HU13,503746,426058
HU14,503746,426058
HU15,483036,430829
HU16,504565,432754
HU17,505290,439461
HU18,522556,444017
HU19,534243,427840
HU2,510461,428821
HU20,497266,432252
HU3,506392,428840
HU4,510461,428821
HU5,509295,432522
HU6,509295,432522
HU7,509295,432522
HU8,512040,433508
HU9,510029,428863
HX1,409287,425345
HX2,408431,430229
HX3,409508,425333
HX4,407616,419424
HX5,409508,425333
HX6,409508,425333
HX7,399170,427141
IG1,544144,186655
IG10,544484,196249
IG11,545570,184536
IG2,544995,188156
IG3,543760,186389
IG4,543760,186389
IG5,543680,190644
IG6,546980,192388
IG7,540148,191985
IG8,540148,191985
IG9,540148,191985
IP1,615845,244058
IP10,629975,238170
IP11,630366,234969
IP12,627684,249396
IP13,628354,263446
IP14,605004,258460
IP15,645928,257411
IP16,644587,262452
IP17,638682,263278
IP18,649954,277484
IP19,639612,275835
IP2,614786,241710
IP20,626203,284389
IP21,623211,278602
IP22,611730,279952
IP23,611730,279952
IP24,587161,283081
IP25,590060,301863
IP26,578417,286581
IP27,571415,283106
IP28,571711,274997
IP29,582683,261799
IP3,615845,244058
IP30,588066,264015
IP31,588066,264015
IP32,588066,264015
IP33,585131,264223
IP4,615845,244058
IP5,615845,244058
IP6,615845,244058
IP7,602282,242940
IP8,615845,244058
IP9,609452,238643
IP98,611730,279952
IV1,266163,844788
IV10,272675,856608
IV11,278464,867240
IV12,288228,856289
IV13,280250,828455
IV14,247944,857493
IV15,255143,858727
IV16,260382,865972
IV17,267383,869969
IV18,270727,868601
IV19,278131,882036
IV2,271477,845366
IV20,291667,884740
IV21,179868,877267
IV22,202587,861840
IV23,239488,861632
IV24,261194,891428
IV25,279623,889691
IV26,199817,910151
IV27,258418,906365
IV28,277491,910116
IV3,266758,845637
IV30,321794,862827
IV31,323720,870906
IV32,321223,862692
IV36,303193,858767
IV4,252537,846259
IV40,159031,835818
IV41,176311,827344
IV42,166368,823603
IV43,169786,817731
IV44,167250,809429
IV45,169610,812348
IV46,159135,808816
IV47,140999,821410
IV48,152580,832194
IV49,165144,823142
IV5,254989,841661
IV51,140079,870958
IV52,182315,833124
IV53,188841,835596
IV54,192982,840417
IV55,118354,854432
IV56,125561,847249
IV6,252432,851788
IV63,209630,810971
IV7,255204,858686
IV8,264760,853277
IV9,270476,855133
IV99,266758,845637
KA1,243947,637469
KA10,232157,631047
KA11,233656,637384
KA12,232401,640929
KA13,230187,643289
KA14,232119,653198
KA15,234786,653872
KA16,251893,636880
KA17,243014,636774
KA18,257641,610606
KA19,230153,610005
KA2,236982,634340
KA20,224551,641333
KA21,224551,641333
KA22,223177,641960
KA23,224551,641333
KA24,228714,650854
KA25,229223,649350
KA26,232996,595722
KA27,201463,636012
KA28,220353,659361
KA29,220762,654569
KA3,243014,636774
KA30,220353,659361
KA4,250811,636553
KA5,256733,620176
KA6,247869,604631
KA7,233271,621791
KA8,233607,621910
KA9,235164,626195
KT1,517886,169005
KT10,514125,164703
KT11,510829,160086
KT12,510772,165445
KT13,508319,165103
KT14,506041,161877
KT15,505152,164591
KT16,504145,166758
KT17,520940,160765
KT18,521139,161014
KT19,521139,161014
KT2,518841,168688
KT20,523023,156262
KT21,518560,158066
KT22,516276,156541
KT23,516276,156541
KT24,509490,152950
KT3,521477,168161
KT4,522338,166038
KT5,518841,168688
KT6,518841,168688
KT7,518841,168688
KT8,513488,168360
KT9,518033,164512
KW1,324383,954751
KW10,282119,899803
KW11,269351,944465
KW12,312657,959838
KW13,289150,954344
KW14,311640,968263
KW15,345098,1010875
KW16,336911,993974
KW17,336024,1013638
KW2,332003,940398
KW3,324655,935189
KW5,317987,942705
KW6,315611,929557
KW7,311890,922635
KW8,302950,915310
KW9,290391,904569
KY1,333782,696931
KY10,356288,703582
KY11,309851,687105
KY12,309851,687105
KY13,311719,704325
KY14,337473,714391
KY15,337473,714391
KY16,343051,718129
KY2,327203,691632
KY3,327079,687688
KY4,316462,691922
KY5,318616,693607
KY6,328894,700058
KY7,327124,701052
KY8,337161,701396
KY9,337161,701396
KY99,310824,685114
L1,335549,389892
L10,337282,396663
L11,339432,395953
L12,339955,392916
L13,337734,393430
L14,342171,392541
L15,338307,389200
L16,338307,389200
L17,337053,387576
L18,340884,386285
L19,339719,385014
L2,334289,390343
L20,335768,397378
L21,335768,397378
L22,331924,398134
L23,333807,400148
L24,343458,384320
L25,343481,386003
L26,345406,384863
L27,344195,388463
L28,339955,392916
L29,335647,401033
L3,334105,390824
L30,335027,397533
L31,337470,402255
L32,341304,398655
L33,341901,399625
L34,346827,392736
L35,348520,391313
L36,344254,390751
L37,334365,406163
L38,329929,402682
L39,344147,405329
L4,337646,394562
L40,341862,408659
L5,334328,392853
L6,336635,391482
L67,335243,390397
L68,336331,397799
L69,335243,390397
L7,337961,390229
L70,335243,390397
L71,335243,390397
L72,332688,399336
L73,335243,390397
L74,334353,388990
L75,334255,395560
L8,336369,387461
L80,335768,397378
L9,337282,396663
LA1,347864,461553
LA10,365827,492156
LA11,340691,477874
LA12,328694,478228
LA13,321397,471480
LA14,319838,469102
LA15,323459,474434
LA16,321061,477237
LA17,324088,482629
LA18,317372,480023
LA19,310130,495028
LA2,352006,453393
LA20,321131,487569
LA21,329674,495827
LA22,333806,507258
LA23,340343,500326
LA3,343361,464342
LA4,343361,464342
LA5,349762,470709
LA6,349762,470709
LA7,349637,481513
LA8,347104,498007
LA9,351557,492640
LD1,306339,260844
LD2,304108,251031
LD3,303059,227907
LD4,293331,246900
LD5,290535,253678
LD6,297235,268079
LD7,328710,272329
LD8,328710,272329
LE1,459327,304196
LE10,442850,293799
LE11,453739,319295
LE12,453960,320021
LE13,474766,319674
LE14,474763,331146
LE15,487073,299397
LE16,474422,287870
LE17,454591,285947
LE18,460071,298768
LE19,453973,297552
LE2,457893,298458
LE21,459327,304196
LE3,459327,304196
LE4,462319,308112
LE41,459525,306627
LE5,459327,304196
LE55,436927,316828
LE6,452572,307463
LE65,435781,316700
LE67,449236,309820
LE7,471964,302697
LE8,465725,297990
LE87,458892,304659
LE9,446362,297621
LE94,474422,287870
LE95,454913,301240
LL11,331549,351460
LL12,333056,350649
LL13,333056,350649
LL14,330885,344535
LL15,312494,358330
LL16,305294,366056
LL17,304343,371168
LL18,301218,381267
LL19,301218,381267
LL20,321506,341977
LL21,307453,344557
LL22,295512,378815
LL23,293092,335849
LL24,279744,361731
LL25,273457,349836
LL26,279744,361731
LL27,279744,361731
LL28,283706,378248
LL29,288839,378231
LL30,277975,377919
LL31,278465,381192
LL32,277804,377822
LL33,268240,374383
LL34,278465,381192
LL35,261493,296005
LL36,259115,300977
LL37,272875,317703
LL38,261461,312819
LL39,264122,314440
LL40,272875,317703
LL41,270518,330617
LL42,272875,317703
LL43,258748,320226
LL44,258306,322437
LL45,258387,326685
LL46,258069,331037
LL47,262946,336281
LL48,256250,339162
LL49,256250,339162
LL51,252074,342570
LL52,256250,339162
LL53,237028,334216
LL54,249718,362710
LL55,247758,362782
LL56,252443,367340
LL57,257354,371541
LL58,257354,371541
LL59,257354,371541
LL60,257354,371541
LL61,244704,365791
LL62,243519,373621
LL63,235506,369148
LL64,231675,372895
LL65,225594,381320
LL66,241581,389176
LL67,237205,393440
LL68,242417,388283
LL69,246166,389630
LL70,248713,386570
LL71,243099,382061
LL72,251166,386394
LL73,250553,383938
LL74,246095,375460
LL75,251845,375596
LL76,250721,381018
LL77,247758,362782
LL78,249198,381536
LN1,497697,372228
LN10,520623,363239
LN11,533457,386803
LN12,550620,385219
LN13,545833,376221
LN2,497221,370656
LN3,511633,369199
LN4,520719,354175
LN5,498096,365125
LN6,487680,367127
LN7,510261,389507
LN8,510261,389507
LN9,525886,369644
LS1,429756,433880
LS10,431024,430387
LS11,429343,432786
LS12,426690,433015
LS13,424786,435309
LS14,435851,436908
LS15,435851,436908
LS16,425977,438923
LS17,430772,439564
LS18,420388,440830
LS19,420388,440830
LS2,429663,434972
LS20,420388,440830
LS21,420339,445443
LS22,440524,448408
LS23,440524,448408
LS24,448375,443524
LS25,450702,432629
LS26,439221,432401
LS27,426528,427543
LS28,423291,433408
LS29,411902,447486
LS3,428809,433421
LS4,428809,433421
LS5,428809,433421
LS6,430515,435070
LS7,430515,435070
LS8,431390,434663
LS88,432976,430045
LS9,432125,433831
LS98,429809,432844
LS99,432976,430045
LU1,508653,221332
LU2,508653,221332
LU3,506521,223881
LU4,506521,223881
LU5,501679,222052
LU6,501679,222052
LU7,492488,224129
M1,384415,397088
M11,388883,398211
M12,386060,397841
M13,385024,396904
M14,385403,393643
M15,384044,396778
M16,382336,396606
M17,381487,398312
M18,388243,396435
M19,388743,394516
M2,383814,398389
M20,385403,393643
M21,381808,393970
M22,383322,387481
M23,380280,387951
M24,386248,407827
M25,381067,404237
M26,378472,406953
M27,377030,402390
M28,376240,401833
M29,369961,401997
M3,383496,398796
M30,377742,398471
M31,373473,392812
M32,378679,395233
M33,378606,392019
M34,392938,393821
M35,390474,401065
M38,371039,404478
M4,385583,398052
M40,386792,401906
M41,378292,394337
M43,390618,397943
M44,371719,393603
M45,381020,406563
M46,367517,402998
M5,381487,398312
M50,381156,397375
M6,380467,399482
M60,383673,399427
M61,383867,398089
M7,383192,402148
M8,383266,400052
M9,385744,402017
M90,381094,384614
M99,384680,398530
ME1,574571,168217
ME10,591014,163612
ME11,591225,171039
ME12,592212,174925
ME13,601678,161285
ME14,576323,155733
ME15,575794,156256
ME16,575794,156256
ME17,576831,151112
ME18,569709,149955
ME19,570483,158171
ME2,573960,170267
ME20,570563,161424
ME3,578267,172092
ME4,575711,168586
ME5,575843,167650
ME6,566924,155512
ME7,577279,168346
ME8,579380,166172
ME9,590568,163567
ME99,575794,156256
MK1,487550,235487
MK10,489950,237696
MK11,480418,239446
MK12,480418,239446
MK13,480418,239446
MK14,486350,240372
MK15,489950,237696
MK16,488873,243188
MK17,489950,237696
MK18,469715,234060
MK19,480412,244755
MK2,487550,235487
MK3,485381,234423
MK4,487550,235487
MK40,504435,249554
MK41,504435,249554
MK42,504712,247687
MK43,504435,249554
MK44,504435,249554
MK45,502509,237243
MK46,488873,243188
MK5,487550,235487
MK6,486656,237015
MK7,489950,237696
MK77,481107,238846
MK8,480418,239446
MK9,486259,239079
ML1,275764,656282
ML10,276182,651419
ML11,291334,642215
ML12,304148,637759
ML2,283035,655352
ML3,272287,655337
ML4,274021,660337
ML5,273817,664809
ML6,276211,665493
ML7,286809,660057
ML8,289247,643278
ML9,276182,651419
N1,531641,183874
N10,528745,189783
N11,529036,192282
N12,526055,192464
N13,531633,194387
N14,529643,194080
N15,531948,188075
N16,533356,187439
N17,534743,190703
N18,534148,192289
N19,530258,186898
N1C,530214,183532
N1P,531641,183874
N2,527037,189581
N20,526362,194348
N21,531633,194387
N22,530331,190537
N3,525103,190728
N4,531948,188075
N5,531896,185593
N6,530258,186898
N7,530258,186898
N8,530854,189200
N81,538467,181905
N9,534152,193613
NE1,425044,564672
NE10,428265,561161
NE11,425054,559901
NE12,427721,569402
NE13,421974,570966
NE15,417623,566892
NE16,418786,563377
NE17,410195,563884
NE18,405649,572912
NE19,416176,572984
NE2,425277,565431
NE20,416176,572984
NE21,418786,563377
NE22,427521,583240
NE23,424954,576767
NE24,431549,581580
NE25,432685,569414
NE26,432685,569414
NE27,431463,569905
NE28,429080,568324
NE29,432685,569414
NE3,423613,568196
NE30,432685,569414
NE31,431700,564581
NE32,432934,565296
NE33,436403,567175
NE34,435995,563026
NE35,434136,561338
NE36,432934,565296
NE37,430075,556982
NE38,430075,556982
NE39,418786,563377
NE4,421818,565075
NE40,418786,563377
NE41,412044,564714
NE42,410195,563884
NE43,410195,563884
NE44,402177,561589
NE45,398879,564495
NE46,394412,564793
NE47,384914,549408
NE48,391599,575633
NE49,370759,564355
NE5,420190,565572
NE6,427054,564894
NE61,420238,584334
NE62,429134,586030
NE63,427838,587992
NE64,430692,587419
NE65,424666,601626
NE66,419243,611948
NE67,415970,627403
NE68,421896,631620
NE69,418103,634841
NE7,427054,564894
NE70,410326,634115
NE71,387390,628387
NE8,425506,562833
NE82,424763,560858
NE83,424760,560064
NE85,424763,560858
NE88,424763,560858
NE9,425054,559901
NE92,424574,560439
NE98,426851,567661
NE99,424696,563745
NG1,457803,340082
NG10,449073,333534
NG11,455122,333986
NG12,461361,330707
NG13,474215,340100
NG14,461629,342048
NG15,455942,354573
NG16,445803,347195
NG17,450719,356109
NG18,453271,361848
NG19,454469,362248
NG2,457577,339306
NG20,452873,368248
NG21,461737,366416
NG22,479534,353696
NG23,483655,362331
NG24,477372,355551
NG25,479534,353696
NG3,460262,340985
NG31,491519,335571
NG32,491519,335571
NG33,491519,335571
NG34,506854,345525
NG4,461629,342048
NG5,458138,344912
NG6,454158,344940
NG7,455386,342123
NG70,454469,362248
NG8,452350,340566
NG80,453984,337269
NG9,452614,336913
NG90,454946,336948
NN1,475614,260513
NN10,495661,266785
NN11,456240,263373
NN12,468468,248206
NN13,458661,237134
NN14,481136,280969
NN15,486533,278774
NN16,486533,278774
NN17,488151,288514
NN18,489852,289360
NN2,481210,261724
NN29,490745,258933
NN3,481210,261724
NN4,473681,257382
NN5,474354,259972
NN6,475319,273760
NN7,481210,261724
NN8,489370,267584
NN9,497999,271398
NP10,330975,188471
NP11,321411,194942
NP12,317489,196907
NP13,321696,205378
NP15,337500,200700
NP16,353529,193763
NP18,334637,186334
NP19,335072,188864
NP20,330415,188235
NP22,314453,208511
NP23,316677,210263
NP24,315219,201924
NP25,350764,212961
NP26,347431,187957
NP4,323764,208716
NP44,330796,195459
NP7,329824,214167
NP8,321846,218318
NR1,624885,310737
NR10,622818,322305
NR11,629735,337458
NR12,636985,325240
NR13,640184,310319
NR14,619204,300597
NR15,618735,292322
NR16,604576,295189
NR17,604576,295189
NR18,607310,298016
NR19,600186,312347
NR2,622351,309416
NR20,598786,313453
NR21,592035,329375
NR22,593393,337136
NR23,591770,343490
NR24,592129,329698
NR25,607935,338845
NR26,615866,343242
NR27,620926,341464
NR28,628290,330316
NR29,638839,321925
NR3,623592,310265
NR30,652331,307430
NR31,648496,303048
NR32,655134,293873
NR33,653603,293372
NR34,642261,290341
NR35,633430,289843
NR4,624885,310737
NR5,617805,309742
NR6,624885,310737
NR7,624885,310737
NR8,617996,313619
NR9,598786,313453
NR99,624000,308300
NW1,529433,182967
NW10,521596,183126
NW11,524880,188362
NW1W,529433,182967
NW2,523943,186325
NW26,529433,182967
NW3,526702,185514
NW4,523290,189183
NW5,528820,185192
NW6,525304,183442
NW7,521872,192203
NW8,525304,183442
NW9,521584,188555
OL1,392329,405082
OL10,385557,410695
OL11,389558,413347
OL12,390622,414673
OL13,386803,423073
OL14,393553,424100
OL15,394651,418705
OL16,389584,413250
OL2,394158,409227
OL3,399418,404508
OL4,395722,403950
OL5,397795,401937
OL6,393846,398866
OL7,393846,398866
OL8,393482,404988
OL9,389030,404414
OL95,393115,406640
OX1,451316,206104
OX10,459875,188939
OX11,452785,190006
OX12,439767,187869
OX13,449368,197002
OX14,449895,197114
OX15,446207,240563
OX16,446272,239250
OX17,446207,240563
OX18,428185,206627
OX2,450673,205980
OX20,444418,216765
OX25,450050,228541
OX26,459225,222908
OX27,459657,225512
OX28,436021,210649
OX29,435624,208810
OX3,454422,202940
OX33,454422,202940
OX39,475793,200930
OX4,454422,202940
OX44,454422,202940
OX49,468969,194521
OX5,449205,214062
OX7,430774,226944
OX9,468961,201373
PA1,247448,664378
PA10,243004,663244
PA11,239092,665501
PA12,235555,658803
PA13,239092,665501
PA14,228870,675593
PA15,227984,676208
PA16,228870,675593
PA17,220202,665305
PA18,219420,670576
PA19,224174,676699
PA2,246114,663299
PA20,207878,657152
PA21,197982,672840
PA22,217268,676997
PA23,217268,676997
PA24,220116,701759
PA25,212188,707428
PA26,218026,710305
PA27,210640,700908
PA28,171878,620269
PA29,182441,661755
PA3,248687,663865
PA30,185164,686462
PA31,187034,686650
PA32,209218,707744
PA33,217393,727299
PA34,185743,729750
PA35,200373,731104
PA36,227387,741385
PA37,185743,729750
PA38,193703,746276
PA4,250850,667758
PA41,164815,648882
PA42,136610,645554
PA43,133398,660930
PA44,136172,660359
PA45,138253,665480
PA46,141862,673411
PA47,119188,656060
PA48,125303,658659
PA49,121662,663177
PA5,243004,663244
PA6,243004,663244
PA60,136481,645281
PA61,139298,694329
PA62,162183,725210
PA63,170693,727253
PA64,172859,733383
PA65,171338,738062
PA66,131994,723162
PA67,134725,723238
PA68,143827,735557
PA69,146887,727221
PA7,246649,670762
PA70,152069,729678
PA71,155349,738419
PA72,157156,742996
PA73,135865,740704
PA74,139849,745742
PA75,150355,755624
PA76,128657,725056
PA77,94138,743386
PA78,122040,761195
PA8,246649,670762
PA80,156689,752238
PA9,243004,663244
PE1,519258,298517
PE10,510326,321331
PE11,524704,322433
PE12,548390,321111
PE13,543716,310677
PE14,550560,302858
PE15,541595,296879
PE16,539281,285940
PE19,518767,260870
PE2,516109,303124
PE20,523831,340046
PE21,532964,343663
PE22,537763,350283
PE23,540362,366157
PE24,556204,371735
PE25,556336,363349
PE26,528674,285251
PE27,531337,271215
PE28,531481,268413
PE29,524029,271549
PE3,515825,299196
PE30,561869,320369
PE31,583365,342215
PE32,589177,317160
PE33,570003,300266
PE34,557499,319622
PE35,568151,326750
PE36,567348,340350
PE37,581768,309041
PE38,561165,303264
PE4,518057,303404
PE5,509542,298753
PE6,510736,311169
PE7,516109,303124
PE8,516109,303124
PE9,516109,303124
PE99,516109,303124
PH1,311681,721813
PH10,318149,744873
PH11,318149,744873
PH12,330008,741536
PH13,318149,744873
PH14,328226,728473
PH15,285706,749147
PH16,295032,757442
PH17,254455,758048
PH18,283248,776146
PH19,263786,784930
PH2,313242,718464
PH20,271586,799174
PH21,275999,801179
PH22,289356,812897
PH23,293826,824518
PH24,303228,827831
PH25,301247,820469
PH26,303228,827831
PH3,294453,712856
PH30,241194,769754
PH31,229816,781166
PH32,237794,809153
PH33,311681,721813
PH34,222329,781657
PH35,229676,801199
PH36,168638,767360
PH37,179372,768817
PH38,166352,777690
PH39,166279,786518
PH4,289426,711137
PH40,166696,791549
PH41,167555,796057
PH42,147855,786594
PH43,140206,799738
PH44,127035,805208
PH49,208149,758412
PH5,286454,717051
PH50,218857,761686
PH6,286516,721535
PH7,286516,721535
PH8,303259,741794
PH9,295032,757442
PL1,247696,54383
PL10,241967,55236
PL11,241967,55236
PL12,242804,58863
PL13,225954,54405
PL14,225335,64834
PL15,231780,83565
PL16,242023,89895
PL17,236791,69833
PL18,236791,69833
PL19,247972,73820
PL2,250353,53862
PL20,250026,67651
PL21,263079,55710
PL22,210282,59764
PL23,212697,51839
PL24,203796,52690
PL25,201007,51941
PL26,202668,56131
PL27,199013,72275
PL28,191855,75450
PL29,199291,79139
PL3,250353,53862
PL30,207143,66895
PL31,207143,66895
PL32,215439,91793
PL33,207069,84165
PL34,208027,88075
PL35,212487,89411
PL4,250353,53862
PL5,246173,59184
PL6,251571,59140
PL7,254366,56673
PL8,250353,53862
PL9,250353,53862
PL95,250426,53731
PO1,464139,100145
PO10,474902,105976
PO11,471538,99412
PO12,460018,100920
PO13,455506,101446
PO14,458135,106395
PO15,457310,105177
PO16,460598,105139
PO17,457310,105177
PO18,485922,104179
PO19,486233,104645
PO2,464343,100366
PO20,485276,92968
PO21,493770,99105
PO22,493450,102216
PO3,464343,100366
PO30,449889,89930
PO31,449889,89930
PO32,450142,94826
PO33,459552,91223
PO34,462875,91689
PO35,464847,88187
PO36,459288,84332
PO37,457080,81439
PO38,456310,77497
PO39,432931,87061
PO4,464343,100366
PO40,433643,87125
PO41,433643,87125
PO5,464343,100366
PO6,465595,105436
PO7,467346,110204
PO8,467346,110204
PO9,471590,106945
PR0,355008,429378
PR1,353366,428900
PR11,354977,433589
PR2,354646,433614
PR25,353614,421776
PR26,353443,422873
PR3,353366,428900
PR4,342595,431595
PR5,356656,426510
PR6,358778,417589
PR7,358778,417589
PR8,333630,417254
PR9,334904,414948
RG1,471181,173221
RG10,473353,173709
RG12,485549,169225
RG14,447076,166809
RG17,433848,168642
RG18,449117,174354
RG19,452661,166383
RG2,471601,170762
RG20,447245,166993
RG21,462635,151858
RG22,462321,153521
RG23,462321,153521
RG24,462321,153521
RG25,472784,153937
RG26,459080,162046
RG27,472784,153937
RG28,472784,153937
RG29,472784,153937
RG30,470135,173949
RG31,467717,171557
RG4,471601,170762
RG40,480838,168721
RG41,481116,168612
RG42,487208,169466
RG45,485549,169225
RG5,473353,173709
RG6,473353,173709
RG7,459080,162046
RG8,459744,180831
RG9,476113,182461
RH1,528212,150643
RH10,528327,139466
RH11,526889,136881
RH12,517612,130864
RH13,517699,131139
RH14,508855,125239
RH15,531495,118964
RH16,532758,124190
RH17,533131,124714
RH18,539372,138171
RH19,539372,138171
RH2,525537,150624
RH20,508738,114294
RH3,516691,149548
RH4,517012,149828
RH5,516691,149548
RH6,528409,143011
RH7,538527,143501
RH77,528138,139315
RH8,539243,152827
RH9,536490,148345
RM1,551141,191853
RM10,550167,184576
RM11,553726,187103
RM12,553726,187103
RM13,552087,182411
RM14,555867,186112
RM15,558395,181443
RM16,560148,179072
RM17,561547,177753
RM18,564380,176292
RM19,554873,178567
RM2,550531,187941
RM20,559735,178131
RM3,553961,192558
RM4,546610,196882
RM5,550597,191576
RM6,548081,189010
RM7,550531,187941
RM8,547416,185848
RM9,549516,186913
S1,435366,387189
S10,432282,387039
S11,432805,385290
S12,438359,384997
S13,443805,386011
S14,435783,387323
S17,432244,381132
S18,436573,378259
S2,435783,387323
S20,444121,381927
S21,440343,378832
S25,450964,385670
S26,449678,380409
S3,435783,387323
S32,421608,376564
S33,417325,381291
S35,435716,394540
S36,422191,406042
S4,437350,389960
S40,437968,371356
S41,437836,371072
S42,437836,371072
S43,449198,375451
S44,447281,370457
S45,437836,371072
S49,437836,371072
S5,434125,392964
S6,433852,389429
S60,443037,393231
S61,442732,392677
S62,444600,401062
S63,444600,401062
S64,444600,401062
S65,446893,397536
S66,449284,388697
S7,434426,383894
S70,434358,406516
S71,437724,408512
S72,434387,406245
S73,439968,403080
S74,436985,401483
S75,434387,406245
S8,434426,383894
S80,458520,378682
S81,458566,379019
S9,437961,388817
S95,434683,396467
S96,437927,389870
S97,444338,401531
S98,435783,387323
S99,437927,389870
SA1,265195,192342
SA10,285265,211318
SA11,275119,197421
SA12,279321,193432
SA13,276533,190286
SA14,250297,200211
SA15,250297,200211
SA16,250297,200211
SA17,240677,206727
SA18,263238,212199
SA19,277305,227644
SA2,261984,193613
SA20,277078,234327
SA3,261610,188098
SA31,241409,220008
SA32,253962,222969
SA33,241298,219431
SA34,216608,226634
SA35,218028,246034
SA36,222312,232721
SA37,226089,236566
SA38,239477,242526
SA39,239477,242526
SA4,262243,198745
SA40,248799,247830
SA41,218028,246034
SA42,201178,237726
SA43,218028,246034
SA44,239477,242526
SA45,238241,259798
SA46,245346,262574
SA47,244835,256756
SA48,245346,262574
SA5,266979,196105
SA6,266979,196105
SA61,195570,215610
SA62,194644,214630
SA63,204817,220138
SA64,190163,236613
SA65,195694,237254
SA66,210932,214826
SA67,210932,214826
SA68,211811,206908
SA69,213179,200578
SA7,266979,196105
SA70,213179,200578
SA71,196796,203532
SA72,196796,203532
SA73,190419,206023
SA8,272606,204188
SA80,266979,196105
SA9,266979,196105
SA99,265563,198595
SE1,533378,178838
SE10,539194,177909
SE11,532118,178403
SE12,542733,174310
SE13,538116,175234
SE14,535836,176887
SE15,534080,176520
SE16,533378,178838
SE17,532118,178403
SE18,543586,178723
SE19,533373,170622
SE1P,533378,178838
SE2,546174,179828
SE20,535441,170262
SE21,533055,172559
SE22,533992,174568
SE23,535421,172625
SE24,532295,176697
SE25,533661,168470
SE26,533661,168470
SE27,532226,171780
SE28,546174,179828
SE3,539769,176057
SE4,536556,175667
SE5,532295,176697
SE6,537641,173645
SE7,540202,178646
SE8,537202,177652
SE9,542733,174310
SG1,523716,224040
SG10,543773,218178
SG11,536416,213755
SG12,536934,213146
SG13,532987,212543
SG14,532987,212543
SG15,519319,236293
SG16,516617,235790
SG17,512557,238735
SG18,519147,244487
SG19,517253,249191
SG2,525987,223206
SG3,525240,220134
SG4,518559,229252
SG5,518559,229252
SG6,521969,232521
SG7,523083,232976
SG8,534998,241793
SG9,536174,229406
SK1,389561,389918
SK10,391805,373928
SK11,391805,373928
SK12,397575,384703
SK13,403464,394019
SK14,394904,395062
SK15,396372,398524
SK16,394904,395062
SK17,406068,372240
SK2,389357,390095
SK22,389357,390095
SK23,403239,377344
SK3,388414,389019
SK4,389357,390095
SK5,389357,390095
SK6,395887,388477
SK7,391891,387243
SK8,385616,388498
SK9,384193,378059
SL0,503875,179809
SL1,498325,179765
SL2,498325,179765
SL3,498325,179765
SL4,496593,176716
SL5,493767,167833
SL6,489271,180742
SL60,489271,180742
SL7,484966,186471
SL8,489564,187050
SL9,500275,188574
SL95,501962,178679
SM1,525783,164053
SM2,525907,163866
SM3,525907,163866
SM4,525336,167862
SM5,528685,163962
SM6,528685,163962
SM7,525290,159638
SN1,414611,182894
SN10,400659,161397
SN11,399686,171142
SN12,390348,163754
SN13,390086,174013
SN14,390086,174013
SN15,392090,173557
SN16,393312,187058
SN2,415493,184606
SN25,417119,189012
SN26,414718,190071
SN3,419334,183715
SN38,415584,182414
SN4,407016,181498
SN5,413821,183926
SN6,419334,183715
SN7,428988,195636
SN8,418619,168995
SN9,418619,168995
SN99,414689,184655
SO14,443207,113321
SO15,440109,113463
SO16,440109,113463
SO17,440109,113463
SO18,441792,112191
SO19,443207,113321
SO20,449334,130037
SO21,449334,130037
SO22,449334,130037
SO23,449334,130037
SO24,458766,132639
SO30,448725,114221
SO31,451208,108254
SO32,448725,114221
SO40,434667,115093
SO41,432272,95367
SO42,432271,95427
SO43,434667,115093
SO45,442322,107727
SO50,444584,119980
SO51,435201,121298
SO52,439539,120002
SO53,444584,119980
SO97,444918,116755
SP1,413837,131560
SP10,435626,145335
SP11,436302,145363
SP2,413857,130232
SP3,413857,130232
SP4,414696,148307
SP5,399788,117152
SP6,414920,114377
SP7,386652,123386
SP8,380992,126389
SP9,423240,148139
SR1,437281,558342
SR2,437281,558342
SR3,437281,558342
SR4,437281,558342
SR5,439709,556471
SR6,437281,558342
SR7,437547,547605
SR8,443004,540537
SR9,437281,558342
SS0,585715,186789
SS1,587925,186359
SS11,574855,193602
SS12,574855,193602
SS13,570582,188671
SS14,570582,188671
SS15,567987,189225
SS16,570582,188671
SS17,571209,186032
SS2,586951,188880
SS22,587740,187705
SS3,593661,186220
SS4,587682,190475
SS5,584067,192614
SS6,580367,190498
SS7,579268,187940
SS8,579133,184534
SS9,583729,186640
SS99,589414,184893
ST1,388120,345660
ST10,401035,343278
ST11,394694,339186
ST12,389406,338546
ST13,398474,356705
ST14,409121,333395
ST15,389964,332076
ST16,391803,322843
ST17,392497,320199
ST18,391803,322843
ST19,385279,312445
ST2,388120,345660
ST20,382918,320929
ST21,380780,335555
ST3,392317,342638
ST4,387872,345306
ST5,383023,346627
ST55,384809,346171
ST6,386316,350798
ST7,382745,354328
ST8,388452,357611
ST9,391802,352075
SW10,526217,177764
SW11,527588,175552
SW12,528557,173552
SW13,520532,175905
SW14,520532,175905
SW15,523855,174992
SW16,530045,171870
SW17,527625,171548
SW18,525730,174662
SW19,524321,170180
SW1A,529548,177434
SW1E,529548,177434
SW1H,529548,177434
SW1P,529548,177434
SW1V,529548,177434
SW1W,529548,177434
SW1X,529548,177434
SW1Y,529548,177434
SW2,530915,175202
SW20,524321,170180
SW3,529353,175449
SW4,529353,175449
SW5,526217,177764
SW6,525218,177123
SW7,526812,179252
SW8,529940,176846
SW9,531126,176099
SW95,529940,176846
SY1,349490,313096
SY10,330012,327892
SY11,330012,327892
SY12,330012,327892
SY13,354207,341209
SY14,354207,341209
SY15,322594,307463
SY16,310977,291525
SY17,310977,291525
SY18,295673,284458
SY19,287789,303620
SY2,349490,313096
SY20,275347,308001
SY21,322594,307463
SY22,318789,320692
SY23,261072,280350
SY24,261072,280350
SY25,268027,259721
SY3,347614,311713
SY4,349490,313096
SY5,349490,313096
SY6,342987,283561
SY7,342987,283561
SY8,352613,274737
SY9,342987,283561
SY99,349490,313096
TA1,322467,125217
TA10,341471,126551
TA11,347537,129136
TA12,346242,119210
TA13,343205,117004
TA14,347415,117406
TA15,349676,116672
TA16,344774,109470
TA17,341894,112526
TA18,344774,109470
TA19,336209,114516
TA2,322267,125484
TA20,332407,108591
TA21,313917,120681
TA22,291396,127941
TA23,307081,143365
TA24,296606,146126
TA3,322267,125484
TA4,307810,141063
TA5,325853,139166
TA6,329869,137240
TA7,336821,138342
TA8,330750,149102
TA9,330750,149102
TD1,349144,636283
TD10,376107,649976
TD11,378421,653779
TD12,384368,640274
TD13,367956,678773
TD14,394349,664256
TD15,400019,652871
TD2,353060,647571
TD3,364410,651939
TD4,357811,638472
TD5,372856,634078
TD6,353911,633963
TD7,347023,628449
TD8,365099,620672
TD9,350739,610825
TF1,364963,311493
TF10,374970,314548
TF11,370013,304883
TF12,367936,302584
TF13,370013,304883
TF2,370705,309978
TF3,367520,309551
TF4,370013,304883
TF5,364963,311493
TF6,364963,311493
TF7,370013,304883
TF8,370013,304883
TF9,367491,334321
TN1,559924,142133
TN10,559975,145894
TN11,559975,145894
TN12,574628,144556
TN13,552779,154979
TN14,553007,154630
TN15,553007,154630
TN16,541833,159209
TN17,577606,136036
TN18,577606,136036
TN19,570966,126034
TN2,558489,139474
TN20,559924,142133
TN21,558163,121511
TN22,546602,120793
TN23,601414,142495
TN24,601229,142520
TN25,604882,132450
TN26,601229,142520
TN27,601229,142520
TN28,606588,124888
TN29,608250,120585
TN3,559924,142133
TN30,588561,133614
TN31,591947,120455
TN32,573803,123698
TN33,574787,115858
TN34,581736,109489
TN35,581387,109639
TN36,591947,120455
TN37,579407,110715
TN38,579407,110715
TN39,573429,109206
TN4,559924,142133
TN40,574064,107591
TN5,559924,142133
TN6,551514,131207
TN7,551514,131207
TN8,544317,146321
TN9,559975,145894
TQ1,291364,64340
TQ10,269525,59670
TQ11,280352,60985
TQ12,286993,70941
TQ13,281219,78941
TQ14,292818,74281
TQ2,290155,66144
TQ3,288792,60830
TQ4,288792,60830
TQ5,292479,55873
TQ6,287802,51459
TQ7,273513,44195
TQ8,273513,44195
TQ9,278707,60472
TR1,182961,43918
TR10,178614,32609
TR11,178614,32609
TR12,167086,18504
TR13,162970,26613
TR14,164426,35931
TR15,169999,42047
TR16,169041,38682
TR17,147071,30311
TR18,147071,30311
TR19,138232,34370
TR2,191359,39328
TR20,147071,30311
TR21,147071,30311
TR22,88068,8195
TR23,88163,15436
TR24,89489,14316
TR25,91634,16169
TR26,150818,39454
TR27,155891,37181
TR3,177626,39360
TR4,182961,43918
TR5,172017,50674
TR6,175704,54174
TR7,181301,61708
TR8,188295,56007
TR9,190677,63109
TS1,449689,520405
TS10,460033,524980
TS11,458961,522179
TS12,466990,519252
TS13,480641,515089
TS14,461115,515357
TS15,444053,519811
TS16,444053,519811
TS17,444053,519811
TS18,442435,518475
TS19,444053,519811
TS2,448907,520333
TS20,444156,520820
TS21,436634,531727
TS22,444053,519811
TS23,447780,523916
TS24,448906,535708
TS25,451009,532121
TS26,451009,532121
TS27,441965,538205
TS28,440199,536873
TS29,437954,536409
TS3,452626,518859
TS4,449877,517816
TS5,447638,515372
TS6,453916,519812
TS7,453880,517465
TS8,452472,514739
TS9,450368,514333
TW1,516450,173482
TW10,517837,175249
TW11,515988,171139
TW12,513447,169655
TW13,510716,172375
TW14,510716,172375
TW15,508212,170980
TW16,509877,170157
TW17,508007,167313
TW18,504431,171147
TW19,505582,173761
TW2,515984,173661
TW20,502273,171587
TW3,513939,175863
TW4,513939,175863
TW5,513939,175863
TW6,507969,173920
TW7,517054,177215
TW8,517054,177215
TW9,517837,175249
UB1,512632,179976
UB10,506467,184265
UB11,505009,183132
UB18,510969,179185
UB2,512632,179976
UB3,510140,179496
UB4,511826,181586
UB5,513060,184355
UB6,513060,184355
UB7,507531,179812
UB8,505009,183132
UB9,505009,183132
W10,516561,180779
W11,516561,180779
W12,516561,180779
W13,516706,180219
W14,524179,179047
W1A,529554,181451
W1B,529171,180942
W1C,527936,180946
W1D,529595,180897
W1F,529444,180739
W1G,528766,181608
W1H,527759,181338
W1J,529244,180443
W1K,529554,181451
W1S,529106,180502
W1T,529831,181439
W1U,527945,181448
W1W,529554,181451
W2,519694,179358
W3,519694,179358
W4,520717,178385
W5,517559,180736
W6,522365,178517
W7,515811,179729
W8,525403,179659
W9,525141,179261
WA1,359749,388260
WA10,351294,395518
WA11,351706,396837
WA12,357617,395304
WA13,377590,387727
WA14,375970,389301
WA15,377590,387727
WA16,376149,379566
WA2,359749,388260
WA3,365921,392848
WA4,359749,388260
WA5,359022,390054
WA55,359749,388260
WA6,351892,378208
WA7,353842,381209
WA8,349917,387011
WA88,348950,385954
WA9,350108,392866
WC1A,529554,181451
WC1B,530074,182123
WC1E,529554,181451
WC1H,530135,182795
WC1N,529554,181451
WC1R,531003,181889
WC1V,529554,181451
WC1X,529554,181451
WC2A,530955,181505
WC2B,530648,181119
WC2E,529554,181451
WC2H,529554,181451
WC2N,529554,181451
WC2R,529554,181451
WD17,510049,198352
WD18,509240,195710
WD19,511458,193422
WD23,513728,194798
WD24,509240,195710
WD25,509240,195710
WD3,503180,192559
WD4,507164,202703
WD5,507164,202703
WD6,519861,197057
WD7,516433,199583
WD99,509267,195621
WF1,424188,415005
WF10,440334,424620
WF11,445781,422073
WF12,424257,421315
WF13,424257,421315
WF14,424257,421315
WF15,418035,423928
WF16,421646,423404
WF17,425735,423590
WF2,433076,420442
WF3,434434,422932
WF4,433076,420442
WF5,427118,421943
WF6,440334,424620
WF7,445781,422073
WF8,445781,422073
WF9,442807,413124
WF90,433730,419894
WN1,358354,405569
WN2,361373,401236
WN3,356911,402752
WN4,357181,400308
WN5,354962,405611
WN6,352972,413885
WN7,366291,399483
WN8,348394,405588
WR1,385269,255405
WR10,394735,246262
WR11,403707,244090
WR12,403707,244090
WR13,377548,245936
WR14,377848,245893
WR15,359626,268386
WR2,385269,255405
WR3,386637,257677
WR4,385269,255405
WR5,385269,255405
WR6,374417,267433
WR7,397968,254948
WR8,385269,255405
WR9,389434,263950
WR99,384821,255518
WS1,401393,298740
WS10,398227,295822
WS11,398177,310473
WS12,398196,310570
WS13,413408,309713
WS14,413408,309713
WS15,404442,318228
WS2,400418,298299
WS3,401356,298698
WS4,401356,298698
WS5,401356,298698
WS6,398685,305920
WS7,413408,309713
WS8,401356,298698
WS9,405651,300967
WV1,392321,298952
WV10,392321,298952
WV11,395860,301183
WV12,395860,301183
WV13,394604,299322
WV14,393398,295289
WV15,371625,293022
WV16,370847,293201
WV2,392321,298952
WV3,392321,298952
WV4,392321,298952
WV5,385679,292236
WV6,391062,300316
WV7,381375,304298
WV8,386789,302720
WV9,392321,298952
YO1,459652,451975
YO10,462767,450620
YO11,504404,488554
YO12,504115,488589
YO13,504115,488589
YO14,511786,480658
YO15,518199,466875
YO16,517257,468226
YO17,478689,471801
YO18,480875,483172
YO19,462931,442787
YO21,489389,511088
YO22,489389,511088
YO23,455221,443087
YO24,459652,451975
YO25,502553,453407
YO26,444791,461825
YO30,459933,452381
YO31,461396,453976
YO32,461561,454095
YO41,473431,450648
YO42,480385,449119
YO43,485091,436952
YO51,439564,466901
YO60,465100,466389
YO61,443854,482085
YO62,465478,485006
YO7,443854,482085
YO8,461525,432471
YO90,459652,451975
YO91,461396,453976
ZE1,447500,1141412
ZE2,462222,1208843
ZE3,438662,1112122